{"cameraMode":{"drawMode":0,"name":"Shaded","section":"Shading Mode"},"sceneLighting":true,"audioPlay":false,"sceneViewState":{"showFog":true,"showMaterialUpdate":true,"showSkybox":true,"showFlares":true,"showImageEffects":true,"showParticleSystems":true},"in2DMode":false,"pivot":{"x":-4.309295654296875,"y":-44.98217010498047,"z":109.96247863769531},"rotation":{"x":0.19404442608356477,"y":0.016768133267760278,"z":-0.003312494372949004,"w":0.9808438420295715},"size":267.1023254394531,"orthographic":false}