{"cameraMode":{"drawMode":0,"name":"Shaded","section":"Shading Mode"},"sceneLighting":true,"audioPlay":false,"sceneViewState":{"showFog":true,"showMaterialUpdate":true,"showSkybox":true,"showFlares":true,"showImageEffects":true,"showParticleSystems":true},"in2DMode":false,"pivot":{"x":-7.8739542961120609,"y":25.20234489440918,"z":-21.338905334472658},"rotation":{"x":0.006760551128536463,"y":-0.9901215434074402,"z":0.1302655190229416,"w":0.05142487958073616},"size":58.44178009033203,"orthographic":false}