{"cameraMode":{"drawMode":0,"name":"Shaded","section":"Shading Mode"},"sceneLighting":true,"audioPlay":false,"sceneViewState":{"showFog":true,"showMaterialUpdate":true,"showSkybox":true,"showFlares":true,"showImageEffects":true,"showParticleSystems":true},"in2DMode":false,"pivot":{"x":1.3940311670303345,"y":6.31239652633667,"z":9.760127067565918},"rotation":{"x":0.3153740465641022,"y":0.20339064300060273,"z":-0.06939732283353806,"w":0.9243135452270508},"size":19.00000762939453,"orthographic":false}