{"cameraMode":{"drawMode":0,"name":"Shaded","section":"Shading Mode"},"sceneLighting":true,"audioPlay":false,"sceneViewState":{"showFog":true,"showMaterialUpdate":true,"showSkybox":true,"showFlares":true,"showImageEffects":true,"showParticleSystems":true},"in2DMode":false,"pivot":{"x":0.9900269508361816,"y":36.910465240478519,"z":135.2969207763672},"rotation":{"x":-0.0026878174394369127,"y":0.008962217718362809,"z":0.000028964421289856546,"w":0.9999563097953796},"size":318.5926513671875,"orthographic":false}