{"cameraMode":{"drawMode":0,"name":"Shaded","section":"Shading Mode"},"sceneLighting":true,"audioPlay":false,"sceneViewState":{"showFog":true,"showMaterialUpdate":true,"showSkybox":true,"showFlares":true,"showImageEffects":true,"showParticleSystems":true},"in2DMode":false,"pivot":{"x":2.0699996948242189,"y":0.625,"z":-4.850000381469727},"rotation":{"x":0.2853921055793762,"y":-0.6508244872093201,"z":0.289716511964798,"w":0.6411265134811401},"size":21.250734329223634,"orthographic":false}