{"cameraMode":{"drawMode":0,"name":"Shaded","section":"Shading Mode"},"sceneLighting":true,"audioPlay":false,"sceneViewState":{"showFog":true,"showMaterialUpdate":true,"showSkybox":true,"showFlares":true,"showImageEffects":true,"showParticleSystems":true},"in2DMode":false,"pivot":{"x":11.814440727233887,"y":43.378700256347659,"z":21.78571319580078},"rotation":{"x":0.18604037165641786,"y":-0.8135320544242859,"z":0.3748079538345337,"w":0.4038238525390625},"size":810.7562866210938,"orthographic":false}