{"cameraMode":{"drawMode":0,"name":"Shaded","section":"Shading Mode"},"sceneLighting":true,"audioPlay":false,"sceneViewState":{"showFog":true,"showMaterialUpdate":true,"showSkybox":true,"showFlares":true,"showImageEffects":true,"showParticleSystems":true},"in2DMode":false,"pivot":{"x":-17.557716369628908,"y":-160.5706024169922,"z":353.86212158203127},"rotation":{"x":-0.19112388789653779,"y":-0.012541702017188073,"z":0.0024435343220829965,"w":-0.9814828038215637},"size":730.2560424804688,"orthographic":false}