{"cameraMode":{"drawMode":0,"name":"Shaded","section":"Shading Mode"},"sceneLighting":true,"audioPlay":false,"sceneViewState":{"showFog":true,"showMaterialUpdate":true,"showSkybox":true,"showFlares":true,"showImageEffects":true,"showParticleSystems":true},"in2DMode":false,"pivot":{"x":-3054.659912109375,"y":-830.1800537109375,"z":1940.7840576171875},"rotation":{"x":0.10279715061187744,"y":-0.474894642829895,"z":0.0559750497341156,"w":0.872223973274231},"size":3829.8388671875,"orthographic":false}