{"cameraMode":{"drawMode":0,"name":"Shaded","section":"Shading Mode"},"sceneLighting":true,"audioPlay":false,"sceneViewState":{"showFog":true,"showMaterialUpdate":true,"showSkybox":true,"showFlares":true,"showImageEffects":true,"showParticleSystems":true},"in2DMode":false,"pivot":{"x":-4.617704391479492,"y":-4.637245178222656,"z":-5.2815399169921879},"rotation":{"x":0.061791010200977328,"y":-0.0006727921427227557,"z":0.00004222146890242584,"w":0.9980888962745667},"size":120.72332763671875,"orthographic":false}