{"cameraMode":{"drawMode":0,"name":"Shaded","section":"Shading Mode"},"sceneLighting":true,"audioPlay":false,"sceneViewState":{"showFog":true,"showMaterialUpdate":true,"showSkybox":true,"showFlares":true,"showImageEffects":true,"showParticleSystems":true},"in2DMode":false,"pivot":{"x":-0.37837791442871096,"y":-1.4541666507720948,"z":0.4744749069213867},"rotation":{"x":0.3153740465641022,"y":0.20339064300060273,"z":-0.06939732283353806,"w":0.9243135452270508},"size":35.170875549316409,"orthographic":false}