{"cameraMode":{"drawMode":0,"name":"Shaded","section":"Shading Mode"},"sceneLighting":true,"audioPlay":false,"sceneViewState":{"showFog":true,"showMaterialUpdate":true,"showSkybox":true,"showFlares":true,"showImageEffects":true,"showParticleSystems":true},"in2DMode":false,"pivot":{"x":2.303457260131836,"y":0.7798442840576172,"z":-5.710292339324951},"rotation":{"x":0.0587058886885643,"y":-0.9232958555221558,"z":0.3456643521785736,"w":0.1568266600370407},"size":3.3998448848724367,"orthographic":false}