{"cameraMode":{"drawMode":0,"name":"Shaded","section":"Shading Mode"},"sceneLighting":true,"audioPlay":false,"sceneViewState":{"showFog":true,"showMaterialUpdate":true,"showSkybox":true,"showFlares":true,"showImageEffects":true,"showParticleSystems":true},"in2DMode":false,"pivot":{"x":3.3877182006835939,"y":-1.0006494522094727,"z":-109.2930908203125},"rotation":{"x":-0.1851402372121811,"y":-0.681067705154419,"z":0.18433929979801179,"w":-0.6840240359306336},"size":124.70489501953125,"orthographic":false}