{"cameraMode":{"drawMode":0,"name":"Shaded","section":"Shading Mode"},"sceneLighting":true,"audioPlay":false,"sceneViewState":{"showFog":true,"showMaterialUpdate":true,"showSkybox":true,"showFlares":true,"showImageEffects":true,"showParticleSystems":true},"in2DMode":false,"pivot":{"x":-54.07841491699219,"y":-38.29289245605469,"z":30.261688232421876},"rotation":{"x":0.17537403106689454,"y":-0.5630385875701904,"z":0.12373179942369461,"w":0.7980738878250122},"size":277.080810546875,"orthographic":false}