{"cameraMode":{"drawMode":0,"name":"Shaded","section":"Shading Mode"},"sceneLighting":true,"audioPlay":false,"sceneViewState":{"showFog":true,"showMaterialUpdate":true,"showSkybox":true,"showFlares":true,"showImageEffects":true,"showParticleSystems":true},"in2DMode":false,"pivot":{"x":-36.20783996582031,"y":-3.7389297485351564,"z":1.8135833740234376},"rotation":{"x":0.10818836092948914,"y":-0.7382238507270813,"z":0.12202651053667069,"w":0.6545459628105164},"size":289.0881042480469,"orthographic":false}