{"cameraMode":{"drawMode":0,"name":"Shaded","section":"Shading Mode"},"sceneLighting":true,"audioPlay":false,"sceneViewState":{"showFog":true,"showMaterialUpdate":true,"showSkybox":true,"showFlares":true,"showImageEffects":true,"showParticleSystems":true},"in2DMode":false,"pivot":{"x":-20.049453735351564,"y":10.342483520507813,"z":74.03379821777344},"rotation":{"x":0.11045151948928833,"y":-0.10621735453605652,"z":0.011877947486937046,"w":0.988118052482605},"size":138.49758911132813,"orthographic":false}