{"cameraMode":{"drawMode":0,"name":"Shaded","section":"Shading Mode"},"sceneLighting":true,"audioPlay":false,"sceneViewState":{"showFog":true,"showMaterialUpdate":true,"showSkybox":true,"showFlares":true,"showImageEffects":true,"showParticleSystems":true},"in2DMode":false,"pivot":{"x":-0.2938976287841797,"y":1.981689453125,"z":-1.8249969482421876},"rotation":{"x":0.19548450410366059,"y":0.6023272275924683,"z":-0.15529510378837586,"w":0.7582026124000549},"size":421.5633239746094,"orthographic":false}