{"cameraMode":{"drawMode":0,"name":"Shaded","section":"Shading Mode"},"sceneLighting":true,"audioPlay":false,"sceneViewState":{"showFog":true,"showMaterialUpdate":true,"showSkybox":true,"showFlares":true,"showImageEffects":true,"showParticleSystems":true},"in2DMode":false,"pivot":{"x":7.6465301513671879,"y":-0.32347869873046877,"z":12.563007354736329},"rotation":{"x":0.1556299775838852,"y":-0.7033174633979797,"z":0.16231714189052583,"w":0.674371600151062},"size":269.410888671875,"orthographic":false}