{"cameraMode":{"drawMode":0,"name":"Shaded","section":"Shading Mode"},"sceneLighting":true,"audioPlay":false,"sceneViewState":{"showFog":true,"showMaterialUpdate":true,"showSkybox":true,"showFlares":true,"showImageEffects":true,"showParticleSystems":true},"in2DMode":false,"pivot":{"x":0.04900917410850525,"y":-0.5058046579360962,"z":0.22491687536239625},"rotation":{"x":0.2620020806789398,"y":0.15122973918914796,"z":-0.04160995036363602,"w":0.9522358179092407},"size":15.413249015808106,"orthographic":false}