{"cameraMode":{"drawMode":0,"name":"Shaded","section":"Shading Mode"},"sceneLighting":true,"audioPlay":false,"sceneViewState":{"showFog":true,"showMaterialUpdate":true,"showSkybox":true,"showFlares":true,"showImageEffects":true,"showParticleSystems":true},"in2DMode":false,"pivot":{"x":-9.3100004196167,"y":5.610000133514404,"z":18.329999923706056},"rotation":{"x":0.3814866542816162,"y":-0.04102589935064316,"z":0.016956089064478875,"w":0.9233078360557556},"size":143.2098388671875,"orthographic":false}