{"cameraMode":{"drawMode":0,"name":"Shaded","section":"Shading Mode"},"sceneLighting":true,"audioPlay":false,"sceneViewState":{"showFog":true,"showMaterialUpdate":true,"showSkybox":true,"showFlares":true,"showImageEffects":true,"showParticleSystems":true},"in2DMode":false,"pivot":{"x":-4.299995422363281,"y":0.0,"z":-0.8000030517578125},"rotation":{"x":-0.19702214002609254,"y":-0.014106309972703457,"z":0.002829869044944644,"w":-0.9802935123443604},"size":353.0857849121094,"orthographic":false}