{"cameraMode":{"drawMode":0,"name":"Shaded","section":"Shading Mode"},"sceneLighting":true,"audioPlay":false,"sceneViewState":{"showFog":true,"showMaterialUpdate":true,"showSkybox":true,"showFlares":true,"showImageEffects":true,"showParticleSystems":true},"in2DMode":false,"pivot":{"x":-0.8874460458755493,"y":1.2989308834075928,"z":-20.674406051635743},"rotation":{"x":0.2853921055793762,"y":-0.6508244872093201,"z":0.289716511964798,"w":0.6411265134811401},"size":42.18874740600586,"orthographic":false}