{"cameraMode":{"drawMode":0,"name":"Shaded","section":"Shading Mode"},"sceneLighting":true,"audioPlay":false,"sceneViewState":{"showFog":true,"showMaterialUpdate":true,"showSkybox":true,"showFlares":true,"showImageEffects":true,"showParticleSystems":true},"in2DMode":false,"pivot":{"x":-60.21533203125,"y":-190.439697265625,"z":-42.2999267578125},"rotation":{"x":0.421891987323761,"y":-0.3915981948375702,"z":0.20898860692977906,"w":0.7905579209327698},"size":2164.658935546875,"orthographic":false}