{"cameraMode":{"drawMode":0,"name":"Shaded","section":"Shading Mode"},"sceneLighting":true,"audioPlay":false,"sceneViewState":{"showFog":true,"showMaterialUpdate":true,"showSkybox":true,"showFlares":true,"showImageEffects":true,"showParticleSystems":true},"in2DMode":false,"pivot":{"x":2.716719150543213,"y":9.417888641357422,"z":-14.88410758972168},"rotation":{"x":-0.014838501811027527,"y":-0.9662714600563049,"z":0.2506583631038666,"w":-0.05718102678656578},"size":45.98219680786133,"orthographic":false}