{"cameraMode":{"drawMode":0,"name":"Shaded","section":"Shading Mode"},"sceneLighting":true,"audioPlay":false,"sceneViewState":{"showFog":true,"showMaterialUpdate":true,"showSkybox":true,"showFlares":true,"showImageEffects":true,"showParticleSystems":true},"in2DMode":false,"pivot":{"x":24.7001953125,"y":9.357977867126465,"z":-107.84243774414063},"rotation":{"x":0.09116142243146897,"y":0.7654457688331604,"z":-0.11125033348798752,"w":0.6272206902503967},"size":29.292909622192384,"orthographic":false}