{"cameraMode":{"drawMode":0,"name":"Shaded","section":"Shading Mode"},"sceneLighting":true,"audioPlay":false,"sceneViewState":{"showFog":true,"showMaterialUpdate":true,"showSkybox":true,"showFlares":true,"showImageEffects":true,"showParticleSystems":true},"in2DMode":false,"pivot":{"x":-2.200000047683716,"y":4.539999961853027,"z":-92.02952575683594},"rotation":{"x":0.24144412577152253,"y":0.13594867289066316,"z":-0.03418244421482086,"w":0.9602366089820862},"size":14.813955307006836,"orthographic":false}