{"cameraMode":{"drawMode":0,"name":"Shaded","section":"Shading Mode"},"sceneLighting":true,"audioPlay":false,"sceneViewState":{"showFog":true,"showMaterialUpdate":true,"showSkybox":true,"showFlares":true,"showImageEffects":true,"showParticleSystems":true},"in2DMode":false,"pivot":{"x":-1.6100000143051148,"y":1.409999966621399,"z":-10.530000686645508},"rotation":{"x":0.2189507633447647,"y":0.024842271581292154,"z":-0.005571105983108282,"w":0.9754037261009216},"size":17.2174015045166,"orthographic":false}