{"cameraMode":{"drawMode":0,"name":"Shaded","section":"Shading Mode"},"sceneLighting":true,"audioPlay":false,"sceneViewState":{"showFog":true,"showMaterialUpdate":true,"showSkybox":true,"showFlares":true,"showImageEffects":true,"showParticleSystems":true},"in2DMode":false,"pivot":{"x":2.0699996948242189,"y":0.22999998927116395,"z":-4.850000381469727},"rotation":{"x":0.2219504565000534,"y":0.0032018835190683605,"z":-0.0007224708679132164,"w":0.9750524163246155},"size":57.71202087402344,"orthographic":false}