{"cameraMode":{"drawMode":0,"name":"Shaded","section":"Shading Mode"},"sceneLighting":true,"audioPlay":false,"sceneViewState":{"showFog":true,"showMaterialUpdate":true,"showSkybox":true,"showFlares":true,"showImageEffects":true,"showParticleSystems":true},"in2DMode":false,"pivot":{"x":6.387881278991699,"y":5.299086570739746,"z":2.5616393089294435},"rotation":{"x":0.09023052453994751,"y":-0.8715224266052246,"z":0.17513738572597505,"w":0.4490368068218231},"size":23.363466262817384,"orthographic":false}