{"cameraMode":{"drawMode":0,"name":"Shaded","section":"Shading Mode"},"sceneLighting":true,"audioPlay":false,"sceneViewState":{"showFog":true,"showMaterialUpdate":true,"showSkybox":true,"showFlares":true,"showImageEffects":true,"showParticleSystems":true},"in2DMode":false,"pivot":{"x":77.85189819335938,"y":15.949711799621582,"z":-83.33935546875},"rotation":{"x":0.41585803031921389,"y":-0.4988117218017578,"z":0.29620739817619326,"w":0.7003642916679382},"size":42.41358184814453,"orthographic":false}