{"cameraMode":{"drawMode":0,"name":"Shaded","section":"Shading Mode"},"sceneLighting":true,"audioPlay":false,"sceneViewState":{"showFog":true,"showMaterialUpdate":true,"showSkybox":true,"showFlares":true,"showImageEffects":true,"showParticleSystems":true},"in2DMode":false,"pivot":{"x":-17.973270416259767,"y":33.29643249511719,"z":25.337892532348634},"rotation":{"x":-0.07529515773057938,"y":-0.8895962834358215,"z":0.42155179381370547,"w":-0.1588815301656723},"size":2.8578836917877199,"orthographic":false}