{"cameraMode":{"drawMode":0,"name":"Shaded","section":"Shading Mode"},"sceneLighting":true,"audioPlay":false,"sceneViewState":{"showFog":true,"showMaterialUpdate":true,"showSkybox":true,"showFlares":true,"showImageEffects":true,"showParticleSystems":true},"in2DMode":false,"pivot":{"x":1.786397933959961,"y":0.7799999713897705,"z":-2.3541994094848635},"rotation":{"x":0.21508698165416718,"y":-0.3368779718875885,"z":0.07934362441301346,"w":0.9132116436958313},"size":12.577530860900879,"orthographic":false}