{"cameraMode":{"drawMode":0,"name":"Shaded","section":"Shading Mode"},"sceneLighting":true,"audioPlay":false,"sceneViewState":{"showFog":true,"showMaterialUpdate":true,"showSkybox":true,"showFlares":true,"showImageEffects":true,"showParticleSystems":true},"in2DMode":false,"pivot":{"x":23.06325912475586,"y":-24.64382553100586,"z":-21.442855834960939},"rotation":{"x":-0.6926773190498352,"y":0.011268028989434243,"z":-0.010831189341843129,"w":-0.7210783362388611},"size":63.61045455932617,"orthographic":false}