{"cameraMode":{"drawMode":0,"name":"Shaded","section":"Shading Mode"},"sceneLighting":true,"audioPlay":false,"sceneViewState":{"showFog":true,"showMaterialUpdate":true,"showSkybox":true,"showFlares":true,"showImageEffects":true,"showParticleSystems":true},"in2DMode":false,"pivot":{"x":-1.6100000143051148,"y":1.409999966621399,"z":-10.530000686645508},"rotation":{"x":0.2373615801334381,"y":-0.07135925441980362,"z":0.017491554841399194,"w":0.9686389565467835},"size":13.05382251739502,"orthographic":false}