{"cameraMode":{"drawMode":0,"name":"Shaded","section":"Shading Mode"},"sceneLighting":true,"audioPlay":false,"sceneViewState":{"showFog":true,"showMaterialUpdate":true,"showSkybox":true,"showFlares":true,"showImageEffects":true,"showParticleSystems":true},"in2DMode":false,"pivot":{"x":2.0699996948242189,"y":0.625,"z":-4.850000381469727},"rotation":{"x":0.230994313955307,"y":-0.6691966652870178,"z":0.23169872164726258,"w":0.6671830415725708},"size":31.43182945251465,"orthographic":false}