{"cameraMode":{"drawMode":0,"name":"Shaded","section":"Shading Mode"},"sceneLighting":true,"audioPlay":false,"sceneViewState":{"showFog":true,"showMaterialUpdate":true,"showSkybox":true,"showFlares":true,"showImageEffects":true,"showParticleSystems":true},"in2DMode":false,"pivot":{"x":143.1453399658203,"y":-135.33070373535157,"z":-38.57425308227539},"rotation":{"x":-0.20678602159023286,"y":-0.7490530610084534,"z":0.2730790972709656,"w":-0.5670863389968872},"size":232.03106689453126,"orthographic":false}