{"cameraMode":{"drawMode":0,"name":"Shaded","section":"Shading Mode"},"sceneLighting":true,"audioPlay":false,"sceneViewState":{"showFog":true,"showMaterialUpdate":true,"showSkybox":true,"showFlares":true,"showImageEffects":true,"showParticleSystems":true},"in2DMode":false,"pivot":{"x":-16.422706604003908,"y":35.55232620239258,"z":27.855125427246095},"rotation":{"x":-0.05681068077683449,"y":0.9429743885993958,"z":-0.22118552029132844,"w":-0.24217523634433747},"size":8.795249938964844,"orthographic":false}