{"cameraMode":{"drawMode":0,"name":"Shaded","section":"Shading Mode"},"sceneLighting":true,"audioPlay":false,"sceneViewState":{"showFog":true,"showMaterialUpdate":true,"showSkybox":true,"showFlares":true,"showImageEffects":true,"showParticleSystems":true},"in2DMode":false,"pivot":{"x":0.532599925994873,"y":3.917119026184082,"z":-1.633094310760498},"rotation":{"x":0.1253879964351654,"y":0.613997220993042,"z":-0.09960941225290299,"w":0.7728928327560425},"size":11.011432647705079,"orthographic":false}