{"cameraMode":{"drawMode":0,"name":"Shaded","section":"Shading Mode"},"sceneLighting":true,"audioPlay":false,"sceneViewState":{"showFog":true,"showMaterialUpdate":true,"showSkybox":true,"showFlares":true,"showImageEffects":true,"showParticleSystems":true},"in2DMode":false,"pivot":{"x":80.41000366210938,"y":6.420000076293945,"z":55.060001373291019},"rotation":{"x":0.1872328370809555,"y":0.7983930706977844,"z":-0.4802369177341461,"w":0.3112635016441345},"size":24.75834083557129,"orthographic":false}