{"cameraMode":{"drawMode":0,"name":"Shaded","section":"Shading Mode"},"sceneLighting":true,"audioPlay":false,"sceneViewState":{"showFog":true,"showMaterialUpdate":true,"showSkybox":true,"showFlares":true,"showImageEffects":true,"showParticleSystems":true},"in2DMode":false,"pivot":{"x":5.320000171661377,"y":1.375,"z":-14.146303176879883},"rotation":{"x":0.2728653848171234,"y":0.23534142971038819,"z":-0.06902354955673218,"w":0.9302659034729004},"size":13.130104064941407,"orthographic":false}