{"cameraMode":{"drawMode":0,"name":"Shaded","section":"Shading Mode"},"sceneLighting":true,"audioPlay":false,"sceneViewState":{"showFog":true,"showMaterialUpdate":true,"showSkybox":true,"showFlares":true,"showImageEffects":true,"showParticleSystems":true},"in2DMode":false,"pivot":{"x":-1.5299999713897706,"y":0.75,"z":-8.59000015258789},"rotation":{"x":0.21516917645931245,"y":-0.7451673746109009,"z":0.2845862805843353,"w":0.5634167194366455},"size":28.655818939208986,"orthographic":false}