{"cameraMode":{"drawMode":0,"name":"Shaded","section":"Shading Mode"},"sceneLighting":true,"audioPlay":false,"sceneViewState":{"showFog":true,"showMaterialUpdate":true,"showSkybox":true,"showFlares":true,"showImageEffects":true,"showParticleSystems":true},"in2DMode":false,"pivot":{"x":12.178524017333985,"y":18.867206573486329,"z":-6.721773147583008},"rotation":{"x":0.052104540169239047,"y":0.5874337553977966,"z":-0.037942174822092059,"w":0.8067013621330261},"size":16.0435791015625,"orthographic":false}