{"cameraMode":{"drawMode":0,"name":"Shaded","section":"Shading Mode"},"sceneLighting":true,"audioPlay":false,"sceneViewState":{"showFog":true,"showMaterialUpdate":true,"showSkybox":true,"showFlares":true,"showImageEffects":true,"showParticleSystems":true},"in2DMode":false,"pivot":{"x":80.57000732421875,"y":6.420000076293945,"z":55.029998779296878},"rotation":{"x":0.17734423279762269,"y":-0.6958460807800293,"z":0.18385601043701173,"w":0.671225905418396},"size":17.7349853515625,"orthographic":false}