{"cameraMode":{"drawMode":0,"name":"Shaded","section":"Shading Mode"},"sceneLighting":true,"audioPlay":false,"sceneViewState":{"showFog":true,"showMaterialUpdate":true,"showSkybox":true,"showFlares":true,"showImageEffects":true,"showParticleSystems":true},"in2DMode":false,"pivot":{"x":114.51231384277344,"y":18.435745239257814,"z":189.53321838378907},"rotation":{"x":0.01758173480629921,"y":0.27963510155677798,"z":-0.005116572137922049,"w":0.9599317908287048},"size":1655.9100341796875,"orthographic":false}