{"cameraMode":{"drawMode":0,"name":"Shaded","section":"Shading Mode"},"sceneLighting":true,"audioPlay":false,"sceneViewState":{"showFog":true,"showMaterialUpdate":true,"showSkybox":true,"showFlares":true,"showImageEffects":true,"showParticleSystems":true},"in2DMode":false,"pivot":{"x":-2.4181582927703859,"y":1.2453773021697999,"z":-10.889851570129395},"rotation":{"x":0.349543035030365,"y":-0.08978188037872315,"z":0.03367773815989494,"w":0.9320003986358643},"size":9.701996803283692,"orthographic":false}