{"cameraMode":{"drawMode":0,"name":"Shaded","section":"Shading Mode"},"sceneLighting":true,"audioPlay":false,"sceneViewState":{"showFog":true,"showMaterialUpdate":true,"showSkybox":true,"showFlares":true,"showImageEffects":true,"showParticleSystems":true},"in2DMode":false,"pivot":{"x":80.70915985107422,"y":8.131919860839844,"z":48.094261169433597},"rotation":{"x":0.272215873003006,"y":0.38358190655708315,"z":-0.1194152981042862,"w":0.8743589520454407},"size":5.75547981262207,"orthographic":false}