{"cameraMode":{"drawMode":0,"name":"Shaded","section":"Shading Mode"},"sceneLighting":true,"audioPlay":false,"sceneViewState":{"showFog":true,"showMaterialUpdate":true,"showSkybox":true,"showFlares":true,"showImageEffects":true,"showParticleSystems":true},"in2DMode":false,"pivot":{"x":-2.5312185287475588,"y":-26.748573303222658,"z":58.65526580810547},"rotation":{"x":0.26088300347328188,"y":-0.05121483653783798,"z":0.013866806402802468,"w":0.9639111757278442},"size":135.473876953125,"orthographic":false}