{"cameraMode":{"drawMode":0,"name":"Shaded","section":"Shading Mode"},"sceneLighting":true,"audioPlay":false,"sceneViewState":{"showFog":true,"showMaterialUpdate":true,"showSkybox":true,"showFlares":true,"showImageEffects":true,"showParticleSystems":true},"in2DMode":false,"pivot":{"x":-20.531795501708986,"y":60.84537887573242,"z":181.93382263183595},"rotation":{"x":0.06247997656464577,"y":0.07210657000541687,"z":0.004520981572568417,"w":-0.9954277873039246},"size":289.1875,"orthographic":false}